{"cameraMode":{"drawMode":0,"name":"Shaded","section":"Shading Mode"},"sceneLighting":false,"audioPlay":false,"sceneViewState":{"showFog":true,"showMaterialUpdate":false,"showSkybox":true,"showFlares":true,"showImageEffects":true,"showParticleSystems":true},"in2DMode":false,"pivot":{"x":627.0975341796875,"y":-347.5749206542969,"z":331.2850036621094},"rotation":{"x":0.10663992166519165,"y":-0.6855558753013611,"z":0.10256008058786392,"w":0.7128276824951172},"size":219.38430786132813,"orthographic":false}